名称,所属类别,2级类别,时间,发源地,主要作用,重要意义,经纬度
围堰防洪,农业技术,山地水利,战国时期,江苏;扬州市,围堰防洪是在战国时期发展起来的一种水利工程技术，主要用于控制江苏扬州地区的洪水，通过建造堤坝和堰塞湖泊，有效地防止了洪水对农田和居民区的破坏，保障了当地农业生产和居民的生活安全。,围堰防洪技术在战国时期江苏扬州地区得以应用，充分体现了古代人民在水患频发的自然环境下，通过构筑围堰来截流拦控洪水的智慧。该技术不仅在防范洪水灾害、保护农田和居民生命财产方面发挥了重要作用，而且为后世水利工程建设提供了宝贵的实践经验和理论依据，对中国古代水利技术的发展具有深远而持久的历史影响。,"119.42,32.40"
闸坝调控,农业技术,山地水利,战国时期,江苏;扬州市,闸坝调控技术同样起源于战国时期，主要应用于江苏扬州地区。它通过修建闸门和水坝，调节水流的流向和水位，保证了农田的灌溉和排水，提高了农田的利用效率，同时也用于防止洪灾和干旱对农田的不利影响。,闸坝调控技术在战国时期江苏扬州地区的应用中展现了古人利用水闸与大坝相结合对水流进行科学调控的工程智慧。该技术通过有效调节水流量，不仅保证了农业灌溉的稳定供应，同时大大减轻了水患对社会经济和民生的破坏，对后代水利工程理论和实践的演进产生了不可磨灭的推动作用。,"119.42,32.40"
竹筒引水,农业技术,山地水利,西周,河南;商丘市,西周时期发展起来的竹筒引水技术，主要用于河南商丘市一带。它通过竹筒制成的水道，将远处的水源引入田间地头，解决了地势高低不平的区域农田的灌溉问题，有效地提高了农田的水资源利用率，推动了农业生产的发展。,竹筒引水技术在西周时期河南商丘地区得到了广泛应用，其充分体现了古代劳动人民利用竹材资源巧妙引导水流、解决灌溉难题的创新精神。该技术通过将竹筒作为天然导水管道，既提高了水资源利用效率，又为农业灌溉开辟了简便实用的新途径，深刻影响了后续水利工程和农田管理技术的发展方向。,"115.65,34.44"
山地蓄水池,农业技术,山地水利,汉朝,陕西;渭南市,汉朝时期开发的山地蓄水池技术，主要应用于陕西渭南市及周边地区。这种技术通过修建蓄水池，收集并储存雨水和山泉水，解决了山区农田的灌溉和干旱季节的用水问题，确保了农作物的正常生长和丰收。,山地蓄水池技术在汉代陕西渭南地区的实践中，展示了古人根据山地地形特征合理蓄积雨水、调配灌溉资源的独到见解。该技术通过在山区构筑蓄水设施，有效缓解了旱季水源不足的问题，不仅极大地保障了农业生产的连续性和稳定性，而且为后世区域水资源管理与水利工程设计提供了宝贵的历史经验和科学启示。,"109.50,34.52"
分水堰,农业技术,山地水利,秦朝,河南;郑州市,秦朝时期发展的分水堰技术，广泛应用于河南郑州市及周边地区。它通过修筑堰坝和水道，将河流水分流到不同的田间地头，调节水资源的分配，提高了农田的灌溉效率，同时也减少了洪水对农田的危害。,分水堰技术在秦代河南郑州地区的实际应用中，充分反映了古代工程师在水资源分配与管理方面的深厚智慧。该技术通过在河道分叉处修筑堰坝，精确控制水流的分配，不仅确保了农业灌溉用水的充足供应，同时在防洪抗灾方面发挥了积极作用，对后代水利设施的改进和技术传承具有重要的示范意义。,"113.65,34.76"
都江堰,农业技术,山地水利,秦朝,四川;成都市,秦朝时期建造的都江堰，位于四川成都市，主要用于解决当地的灌溉问题。这一工程利用水利工程手段，调节岷江水流，灌溉广阔的农田，保证了该地区农业的稳定发展，被称为中国古代水利工程的杰作。,都江堰工程作为秦代著名的水利工程项目，在四川成都地区得到了充分实施，其独特的无坝引水设计充分展现了古代工程技术与自然环境和谐共生的理念。该工程不仅实现了长期稳定的水资源分配和有效的防洪调控，而且极大地推动了当地农业生产和经济繁荣，其科学构想和工程实践对后世乃至世界水利工程技术产生了深远的示范和引领作用。,"104.06,30.67"
郑国渠,农业技术,山地水利,秦朝,河南;郑州市,秦朝时期修建的郑国渠，位于河南郑州市，主要用于解决黄河流域的灌溉问题。这一渠道工程通过引水和灌溉，提供了稳定的水源供应，改善了当地的农田生产条件，对推动黄河流域农业的发展起到了重要作用。,郑国渠工程作为秦代重要的水利工程项目，在河南郑州地区发挥了举足轻重的作用。该工程以科学规划和精准水资源调控为核心，不仅显著提高了农田灌溉效率，保障了农业生产的持续稳定，而且为后续水利设施建设积累了宝贵经验，对区域经济发展和社会稳定进步产生了不可替代的历史性影响。,"113.65,34.76"
坎儿井,农业技术,山地水利,汉朝,河北;邢台市,汉朝时期开发的坎儿井技术，位于河北邢台市，主要用于解决该地区的水源问题。坎儿井通过开凿井道，利用地下水资源进行灌溉，提高了农田的水分供给，增加了农作物的产量，对当地农业经济的发展起到了积极作用。,坎儿井技术在汉代河北邢台地区的应用中充分展示了古人因地制宜、利用地下水资源解决水源短缺问题的智慧。该技术通过构建地下引水系统，有效地缓解了山区及干旱区域水资源不足的矛盾，不仅促进了农业生产条件的改善，而且为后代水利工程设计和地下水资源开发提供了创新的思路和宝贵的实践经验，影响深远。,"114.48,37.07"
井渠结合,农业技术,山地水利,战国时期,暂无,战国时期发展起来的井渠结合技术，暂无特定发源地。这一技术结合了地下水的开采和水道的建设，通过灌溉系统的完善，优化了水资源的利用效率，提高了田间农作物的生长环境，对古代农业生产起到了重要促进作用。,井渠结合技术作为古代水利工程中的一种创新模式，尽管在战国时期的记载较为稀少，但其融合了井取地下水与渠道输水的双重优势，体现了古代人民在水资源综合利用上的独到见解。该技术在缓解局部地区水资源不足、提高农田灌溉效率和确保农业持续稳定发展方面起到了积极作用，为后世水利工程和农业灌溉技术的发展提供了重要的探索思路和历史借鉴。,","
粪肥堆沤,农业技术,发酵技术,战国时期,江苏;南京市,战国时期发展的粪肥堆沤技术，主要应用于江苏南京市一带。这种技术通过对动植物废弃物进行沤制，生成有机肥料，改善了土壤的肥力和结构，促进了农作物的生长，提高了农田的产量和土壤的持久生产力。,粪肥堆沤技术在战国时期江苏南京地区的农业生产中发挥了重要作用，其通过对畜禽粪便进行堆积发酵处理，转化为高效有机肥料，不仅大幅提高了土壤肥力和作物产量，同时实现了农业废弃物的资源化利用，推动了古代农业生产技术的革新，并对后代有机农业和生态农业的发展产生了深远的正面影响。,"118.78,32.04"
酿酒技术,农业技术,发酵技术,周朝,河南;郑州市,周朝河南郑州市发展起的酿酒技术，在古代中国的农业中扮演了重要角色。通过将谷物或水果发酵成酒，不仅提供了一种饮料，还促进了社会交往和文化交流。酒的生产和消费形成了独特的酒文化，有助于宗教仪式、庆典活动以及医疗实践，同时也推动了农业生产的经济增长。,酿酒技术在周朝河南郑州地区的应用，不仅反映了古代劳动人民在发酵工艺上的大胆探索，而且在当时社会生活与宗教仪式中发挥了文化交流和精神凝聚的重要作用，同时为后世酿造工艺的完善与创新奠定了理论基础和实践经验，推动了酒文化的传承与发展，具有深远的历史影响和示范意义。,"113.65,34.76"
制醋工艺,农业技术,发酵技术,战国时期,江苏;苏州市,战国时期江苏苏州市发展的制醋工艺，是古代发酵技术的重要应用之一。制醋不仅提高了食物的口味，还起到了食品保鲜和增加营养的作用。制醋过程中的微生物作用有助于食品质量的控制，同时也广泛应用于调味料和药物的制备，对当时社会的日常生活和医疗保健有显著贡献。,制醋工艺在战国时期江苏苏州地区的发展，体现了古代人们利用微生物发酵转化原料为优质调味品的智慧，其应用不仅促进了食物风味和保鲜技术的革新，而且在经济贸易和文化饮食习惯的演变中留下了不可磨灭的印记，对后代酿造工艺和食品工业的进步产生了深远影响。,"120.58,31.30"
豆类发酵,农业技术,发酵技术,战国时期,江苏;苏州市,战国时期江苏苏州市开始使用的豆类发酵技术，提升了豆类食品的营养价值和口感。通过发酵，豆类食品不仅更易消化吸收，还增加了风味和储存期限。这种技术的推广促进了农产品加工业的发展，满足了人们对多样化食物需求的同时，也推动了社会经济的进步。,豆类发酵技术在战国时期江苏苏州地区的推广应用，充分展示了古代农业生产中对豆类资源深度利用的创新精神，其在改善食品口感、提升营养价值和保存粮食安全方面发挥了重要作用，并为后续调味品及发酵食品的研发提供了宝贵经验，对中华饮食文化的传承和演变具有重要历史意义。,"120.58,31.30"
泡菜腌制,农业技术,发酵技术,战国时期,河南;郑州市,战国时期河南郑州市发展的泡菜腌制技术，利用发酵过程中的微生物，将蔬菜保存并增加其营养价值。泡菜不仅提供了冬季蔬菜的重要来源，还丰富了饮食文化，成为当时农民日常生活中重要的一部分。这种技术通过保留蔬菜的维生素和矿物质，帮助人们度过长冬季，并支持了古代农业的稳定发展。,泡菜腌制技术在战国时期河南郑州地区的兴起，不仅解决了当时食物保存与季节性供应不均的问题，而且通过发酵作用提高了食品的风味和营养价值，其技术实践对古代饮食结构和民众健康产生了积极影响，并为后世多样化腌制工艺和区域性特色食品的发展奠定了坚实基础。,"113.65,34.76"
沼气利用,农业技术,发酵技术,汉朝,江苏;南京市,汉朝江苏南京市开发的沼气利用技术，利用有机废物发酵产生沼气，提供了一种清洁能源来源。沼气不仅用于烹饪和取暖，还用于灌溉和动力机械驱动，显著改善了农村生活条件，减少了对传统生物质能源的依赖，促进了农业生产的现代化。,沼气利用技术在汉朝江苏南京地区的应用，体现了古代劳动人民对有机废弃物资源化利用的先见之明，其通过发酵产生的可再生能源在一定程度上缓解了燃料短缺问题，同时推动了环保理念和节能技术的发展，对后代生物能源技术及可持续农业模式的形成产生了深远的启示。,"118.78,32.04"
绿肥沤制,农业技术,发酵技术,战国时期,江苏;南京市,战国时期江苏南京市发展的绿肥沤制技术，通过将绿色植物发酵成肥料，改善了土壤的结构和肥力。绿肥不仅提供了农作物所需的养分，还减少了化肥的使用，对环境保护和农田生态系统的健康具有重要意义。这种技术促进了可持续农业的发展，为土地长期的高效利用奠定了基础。,绿肥沤制技术在战国时期江苏南京地区的实践中，表现出古代农耕社会对土壤改良与有机肥料生产的重视，通过利用植物绿肥进行堆沤发酵，有效提高了土壤肥力和农作物产量，该技术不仅优化了农业生态系统，还对后代有机农业的发展和环境保护理念的形成产生了长远的影响。,"118.78,32.04"
果酒酿造,农业技术,发酵技术,汉朝,江苏;苏州市,汉朝江苏苏州市发展的果酒酿造技术，利用水果发酵生产果酒，丰富了人们的饮食文化，同时也提供了一种富含营养的饮料选择。果酒不仅具有醇厚的口感和独特的风味，还在节庆和宴会上发挥了重要角色，成为古代农村生活中的重要组成部分。,果酒酿造技术在汉朝江苏苏州地区的推广，不仅丰富了当时的饮食文化和宴会习俗，而且通过发酵工艺充分利用果实资源，提升了农产品的附加值，对地方经济和社会生活产生了积极的促进作用，同时为后世果酒酿造技术的改进和文化传承提供了宝贵的实践样本和理论启迪。,"120.58,31.30"
水稻栽培,农业技术,种植技术,西周,江苏;南京市,西周时期江苏南京市开展的水稻栽培技术，将水稻引入农田种植体系，大大增加了粮食产量。水稻作为主要粮食作物，不仅改善了人们的饮食结构，还推动了社会经济的发展，形成了以水稻为主的农业生产模式，为中国南方农业的繁荣打下了坚实基础。,水稻栽培技术在西周江苏南京地区的推广应用，是古代农业文明的重要组成部分，其系统化的栽培方法和水利设施的建设，不仅极大地提高了粮食生产效率，保障了人口稳定与社会繁荣，还对后世农业技术革新、区域经济发展及文化传承产生了不可估量的历史性推动作用。,"118.78,32.04"
粟黍旱作,农业技术,种植技术,夏朝,河南;郑州市,夏朝河南郑州市开展的粟黍旱作技术，通过适应干旱环境种植粟和黍，提高了农作物的抗旱能力和适应性。这种技术利用了少水资源进行高效农业生产，推动了黄河流域的农业发展，为北方地区农业生产的多样化提供了重要经验。,粟黍旱作技术在夏朝河南郑州地区的实施，充分展示了古代农耕文明在不同气候区域因地制宜开展粮食作物种植的智慧，其科学的旱作耕作方式不仅保障了在干旱环境中农作物的稳定生长，还为后代农业适应性改进、粮食安全与区域经济发展积累了宝贵的实践经验和理论基础。,"113.65,34.76"
占城稻引种,农业技术,种植技术,唐朝,广西;南宁市,唐朝广西南宁市引入的占城稻种植技术，推广了稻作种植的区域和方法。占城稻适应了南方地区的气候和土壤条件，提高了稻作产量和品质，推动了南方地区的农业生产，促进了东南亚与中国南部地区的农业文化交流。,占城稻引种技术在唐朝广西南宁地区的推广，标志着古代农业对外来作物引进与本土种植技术相结合的成功实践，其引种应用不仅丰富了水稻品种和提高了产量，还促进了南方农业结构的调整和区域经济的繁荣发展，对后世农作物改良和跨区域技术交流产生了深远而积极的历史影响。,"108.33,22.84"
茶树种植,农业技术,种植技术,西汉,四川;雅安市,西汉时期在四川雅安市开始兴起的茶树种植技术，对于中国茶文化的形成和发展起到了关键作用。茶树种植不仅提供了茶叶作为一种饮料的重要来源，还推动了茶叶的贸易和文化传播。茶文化通过茶道、茶礼等形式，深,茶树种植技术在西汉时期四川雅安市得以推广，其应用不仅标志着茶叶作为经济作物在农业体系中地位的初步确立，而且促进了茶文化的萌芽与传播，为后世茶产业的技术革新、产品多样化和区域经济交流奠定了坚实基础，同时对中医药利用和生态农业模式的发展产生了深远而积极的影响。,"103.00,29.98"
棉花普及,农业技术,种植技术,唐朝,江苏;苏州市,唐朝江苏苏州市普及的棉花种植技术，引领了中国棉纺织业的兴起。棉花不仅提供了优质的纤维原料，还改善了人们的穿着舒适度和生活质量。棉纺织品的生产和贸易推动了城市经济的发展，促进了社会的商业活动和手工业的繁荣，对唐代经济的繁荣起到了重要支撑作用。,棉花普及技术在唐朝江苏苏州市的推广，不仅改变了当时纺织原料的构成和衣物制造工艺，而且推动了纺织工业与农业的有机结合，形成了独特的经济发展模式，对区域商业繁荣、手工业技术革新以及社会生活方式的转变产生了重要的推动作用，为后代棉纺工业的发展和技术改进提供了宝贵的历史经验和理论依据。,"120.58,31.30"
桑树栽培,农业技术,种植技术,战国时期,江苏;苏州市,战国时期江苏苏州市开始栽培的桑树技术，促进了中国丝绸产业的发展。桑叶是蚕蛾的主要食物，桑树的栽培为蚕丝的生产提供了充足的原料。丝绸制品作为贵重的商品，不仅满足了国内市场的需求，还通过丝绸之路向西方输出，推动了中外经济文化的交流与融合。,桑树栽培技术在战国时期江苏苏州市的应用，充分体现了古代农耕文明对蚕桑经济潜力的深刻认识，其推广不仅为养蚕业和丝绸生产提供了优质原料，而且推动了农田经济结构的优化和区域经济繁荣，对后世丝绸之路的开拓、中外文化交流以及传统工艺技术的发展产生了深远的历史示范效应。,"120.58,31.30"
果树嫁接,农业技术,种植技术,秦朝,河南;郑州市,秦朝河南郑州市发展起来的果树嫁接技术，提高了果树的产量和品质。嫁接技术通过选择优良的品种，使果树具备更好的抗病性和适应性，增加了果实的甜度和大小，提升了果树种植的经济效益。这项技术在农业生产中具有长期的持续推广和应用潜力，为果园的规模化种植奠定了基础。,果树嫁接技术在秦朝河南郑州市的推广，展现了古代农艺师对果品优良品种培育的科学探索精神，其应用不仅显著提高了果树的产量和果实品质，而且优化了区域农业结构和经济效益，对后世园艺技术的革新以及现代果树种植模式的形成提供了宝贵的实践经验和理论支持，具有不可磨灭的历史意义。,"113.65,34.76"
蔬菜轮作,农业技术,种植技术,无,暂无,蔬菜轮作作为一种无特定发源地的种植技术，通过轮流种植不同的蔬菜作物，有助于提高土壤的肥力和结构，减少害虫和病害的发生。轮作系统可以有效地利用土地资源，延长耕作土地的寿命，保护农田的生态环境，同时提供了丰富多样的蔬菜选择，促进了健康饮食和农业可持续发展。,蔬菜轮作技术虽然在史籍中无明确记载，但其在古代农业实践中的运用具有重要意义，该技术通过科学安排作物轮替，不仅有效维护了土壤肥力和生态平衡，预防了病虫害的泛滥，而且保障了农作物持续稳定的产出，对后世农业可持续发展、生态种植模式和现代作物轮作制度的建立起到了示范作用，具有深远的历史影响。,","
大豆套种,农业技术,种植技术,汉朝,江苏;南京市,汉朝江苏南京市推广的大豆套种技术，利用大豆的固氮作用，改善了土壤的肥力。大豆套种不仅丰富了农作物的种植结构，还提高了主要作物的产量和质量。这种技术对节约农业生产成本、增加农民收入、改善农田生态环境具有显著的经济和生态效益，为农业可持续发展提供了重要的实践路径。,大豆套种技术在汉朝江苏南京市得以推广，其应用不仅体现了古代农民在有限耕地条件下对作物间互补种植的智慧，而且有效提高了土地利用率和作物综合产量，对区域农业经济结构优化和生态环境改善产生了积极影响，为后代间作技术和现代农业种植模式的演进提供了宝贵的实践经验和理论依据，意义深远。,"118.78,32.04"
药用植物,农业技术,种植技术,无,江苏;南京市,无特定发源地的药用植物种植技术，通过栽培和采集药用植物，提供了丰富的药材资源。药用植物不仅用于医疗保健，还在药品制造、中药饮片加工和市场贸易中发挥重要作用。这些植物的种植推动了中药产业的发展，促进了医药科技的进步，对人类健康和社会福祉有着深远的影响。,药用植物种植技术虽然在史料中缺乏确切记载，但在江苏南京地区的应用反映了古代社会对中药材人工培育的重视，其推广不仅确保了药用资源的稳定供应，促进了中医药理论和实践的发展，而且推动了地方经济和医药文化的传承，对后世药用植物栽培技术和现代中药产业的发展产生了长远而积极的影响，意义重大。,"118.78,32.04"
代田法,农业技术,耕作技术,战国时期,河南;郑州市,战国时期河南郑州市发展的代田法耕作技术，通过分区种植不同作物，提高了农田的土地利用效率和产量。代田法系统化管理了农田的种植结构，优化了农业生产的布局，减少了耕地的浪费和损耗，推动了农业生产的现代化和规模化发展。,代田法作为战国时期河南郑州市推广的耕作技术，其应用充分展示了古代农耕文明在土地分区管理和耕作模式创新方面的智慧，该技术通过合理划分耕地和实施轮换耕作，不仅提高了土地生产率和粮食安全保障，而且为后代精细化农田管理和现代耕作制度的完善提供了宝贵的理论支持和实践经验，历史影响深远。,"113.65,34.76"
区田法,农业技术,耕作技术,唐朝,河南;郑州市,唐朝河南郑州市推广的区田法耕作技术，通过区分不同的田地功能和作物类型，提高了耕作效率和产量稳定性。区田法不仅有助于土地的合理利用和资源配置，还促进了农田的生态平衡和农作物的多样化种植，对提升农业生产的整体效益具有重要意义。,区田法在唐朝河南郑州市的应用体现了古代劳动人民对农田科学规划与资源高效利用的深入思考，其推广不仅优化了土地分配和耕作组织模式，提高了农业生产效率，而且促进了农业经济结构的合理调整，对后世精耕细作理念、农田管理技术以及现代农业规划的形成产生了积极的示范作用，具有不可估量的历史意义。,"113.65,34.76"
铁犁牛耕,农业技术,耕作技术,春秋时期,江苏;南京市,春秋时期江苏南京市引入的铁犁牛耕技术，革新了农田的耕作方式。铁犁牛耕不仅提高了耕作效率和深度，还改善了土地的耕作质量和田地的利用价值。这项技术为农民提供了强大的农具支持，促进了农业生产的机械化进程，对农村经济和社会的发展有着显著的推动作用。,铁犁牛耕技术在春秋时期江苏南京市的推广，标志着古代农业机械化萌芽阶段的重要进步，其应用不仅利用牛力与铁制犁具相结合，大幅提高了耕作效率和土地生产能力，而且推动了农业生产方式的转型升级，对后世农具改良、劳动生产率提升以及现代农业机械化发展奠定了坚实的基础，具有深远而持续的示范意义。,"118.78,32.04"
曲辕犁技术,农业技术,耕作技术,汉朝,江苏;南京市,汉朝江苏南京市发展起来的曲辕犁技术，是古代农业耕作的重要进步。曲辕犁利用其特殊的曲辕形状，能够在土地中开辟出深而平整的耕地，有助于改善土壤的通气性和排水性，提高了种植作物的生长环境。这种犁耕技术不仅增加了农田的耕作效率，还减少了农民的体力消耗，推动了农业生产向深耕细作的方向发展，为粮食生产提供了可靠保障。,曲辕犁技术通过改进犁具结构、采用弯曲犁头的设计，有效提高了耕作效率和土壤翻耕深度，减轻了劳动强度，推动了农业生产方式的革新，对后世犁具改良及农业机械化进程产生了深远影响，为现代农耕技术的发展提供了宝贵的历史经验和理论启示。,"118.78,32.04"
耕耙耱体系,农业技术,耕作技术,战国时期,江苏;苏州市,战国时期江苏苏州市发展的耕耙耱体系，通过结合耕耘和松土工具，优化了农田的土壤结构和营养循环。耕耙耱体系不仅能够深入松土，增加土壤的透气性和肥力，还有助于根系生长和水分渗透，提高了作物的吸收养分能力和产量稳定性。这种耕作技术对于农田的土壤保护和农作物的健康生长有着积极的促进作用，是古代农耕技术的重要创新之一。,耕耙耱体系反映了古代农业生产中对耕作各环节系统规划的先进理念，通过科学分工实现土地的深耕、平整和养护，不仅大幅度提高了耕作效率，还优化了土壤结构和作物生长环境，对后续农业标准化作业和农具技术革新起到了示范作用，具有不可估量的历史意义。,"120.58,31.30"
垄作法,农业技术,耕作技术,春秋时期,江苏;苏州市,春秋时期江苏苏州市推广的垄作法，通过将土地整理成垄，有效地提高了土壤的保温性和排水性。垄作法不仅有助于在潮湿季节减少农田积水，还优化了种植作物的生长环境，特别适用于多雨地区的农田管理。这项技术通过提高土壤的温度和空气透气性，显著改善了作物的生长速度和质量，为农民创造了更有利的种植条件。,垄作法作为优化农田布局的重要耕作模式，通过划分出等距的垄状结构，改善了田间排水和通气条件，有效调控了土壤水分和养分分布，不仅提升了作物产量和抗逆能力，而且为后世精细农田管理和生态农业理念的发展提供了宝贵的实践依据。,"120.58,31.30"
火耕水耨,农业技术,耕作技术,战国时期,暂无,战国时期的火耕水耨技术，虽然具体起源地暂无确切记载，但其主要作用是利用火焰和水耨工具对土地进行清理和改良。火耕通过燃烧杂草和残余植物，不仅能够清除田间害草，还有助于增加土地的肥力和通气性，提高了后续作物的播种成功率和生长效果。这种技术在农业生产中的应用，促进了耕地的再利用和农作物的生态保护，为古代农耕文化增添了独特的环保元素。,火耕水耨技术融合了火耕清理与水耨深耕两种手段，在开垦荒地和改善土壤结构方面展现出显著优势，通过火的高温作用激活土壤养分，再利用水耨进行细致整地，有效提高了土地利用效率，对古代农业生产力提升和后世土壤改良技术的发展具有重要的历史启示意义。,","
二牛抬杠,农业技术,耕作技术,战国时期,暂无,战国时期采用的二牛抬杠耕作技术，通过利用牛耕耘地，提高了农田的耕作深度和效率。二牛抬杠不仅减轻了农民的体力劳动，还使得耕作更加规范和集中，有利于土地的全面开垦和作物的有序种植。这种耕作方式通过提高耕地的开垦效率和土壤的肥力，促进了农业生产的持续增长和粮食安全，对古代农业社会的发展具有重要意义。,二牛抬杠技术利用两头牛协同运作杠杆装置进行耕作，充分发挥了动物牵引与机械杠杆原理相结合的优势，大幅提高了耕地深度和工作效率，该技术不仅体现了古代劳动人民在工具改良方面的智慧创新，而且为后世农具设计与农业生产方式的转型提供了宝贵经验，具有深远的社会影响。,","
踏犁人耕,农业技术,耕作技术,无,暂无,尽管没有具体发源地的记录，踏犁人耕作为一种无牛耕作的农业技术，主要依赖人力来推动和操作犁具。这种技术适用于那些牛马资源不足的地区，通过人力操作犁具实现土地的耕作和整理，提升了农田的耕作效率和灵活性。踏犁人耕在一定程度上缓解了对牲畜资源的依赖，为农民提供了一种经济简便的耕作方式，对于推动农业生产的多样化和可持续发展具有积极意义。,踏犁人耕技术体现了在条件受限的情况下，依靠人力与简易机械相结合完成耕作任务的独特探索，其应用不仅反映了古代劳动者在耕作模式上的创造性实践，而且为后续机械化改进和劳动生产率提升奠定了初步基础，具有重要的历史传承价值和文化象征意义。,","
窖藏法,农业技术,存储技术,无,江苏;苏州市,江苏苏州市发展的窖藏法存储技术，主要应用于粮食等农产品的长期储存和保鲜。窖藏法通过在地下或地面建造的储藏窖室，控制储存环境的温度、湿度和通风条件，有效地延长了农产品的保存期限，保证了粮食在非收获季节的供应稳定性，对于社会经济的稳定和农村居民的生活保障起到了重要作用。,窖藏法作为一种古代食品储存技术，通过构建地下或封闭环境储藏粮食和农产品，有效延长了食品的保质期，减少了因自然条件变化引起的腐败损失，不仅保障了农业余粮的长期利用，还对后世食品防腐技术和储藏方法的发展产生了深远的经济和社会影响。,"120.58,31.30"
仓廪制度,农业技术,存储技术,无,江苏;苏州市,同样源自江苏苏州市的仓廪制度存储技术，是古代中国农业社会管理制度的重要组成部分。仓廪制度通过建立完善的仓储网络和管理体系，集中管理和调配粮食等农产品，保证了国家和地方在自然灾害或战乱等紧急情况下的食品供应安全。这种制度不仅促进了农产品的合理利用和流通交换，还对古代农业经济和社会秩序的稳定发展起到了关键作用。,仓廪制度通过建立集中储粮和调控粮食流通的管理体系，实现了农业生产剩余的合理分配和应急调度，不仅保障了社会在灾荒时期的基本生活需求，而且促进了国家经济和社会治理体系的完善，对后世粮食储备管理模式和国家调控机制的形成产生了不可磨灭的历史贡献。,"120.58,31.30"
盐腌防虫,农业技术,存储技术,战国时期,江苏;南京市,战国时期江苏南京市推广的盐腌防虫存储技术，主要应用于粮食等农产品的防腐和保鲜。盐腌技术通过将农产品浸泡或包裹在盐水中，抑制了微生物的生长和害虫的繁殖，延长了食品的保存期限，保证了农产品在长途运输和储藏过程中的品质稳定性。这种技术在古代农村生活中起到了重要的食品安全保障作用，对社会经济和人民生活水平的提升有着积极贡献。,盐腌防虫技术利用盐分的抑菌防虫特性，对粮食和农产品进行腌制保存，有效延缓了食品腐败变质，降低了储存期间的损失，其应用不仅提高了农产品的利用率和安全性，而且为后续食品加工、防腐技术的发展提供了理论支持和实践经验，具有显著的历史和社会价值。,"118.78,32.04"
熏制干燥,农业技术,存储技术,周朝,江苏;南京市,周朝江苏南京市发展的熏制干燥存储技术，主要用于粮食、肉类和鱼类等农产品的加工处理和长期储存。熏制干燥技术通过烟熏或风干等方法，去除农产品中的水分，减少其腐败和变质的可能性，延长了食品的保存期限，增强了其口感和营养价值。这种技术在农业生产和食品加工中的应用，促进了农产品的加工与贸易发展，丰富了古代人们的饮食文化和生活方式。,熏制干燥技术通过采用烟熏和自然干燥相结合的手段，对易腐食品进行初步加工和保存，有效防止了微生物滋生和食物变质，其在延长食品储存期限、丰富食品风味以及保障民生供给方面起到了重要作用，对后世食品保鲜工艺和现代加工技术的发展产生了深远而积极的影响。,"118.78,32.04"
通风粮仓,农业技术,存储技术,汉朝,暂无,汉朝时期发展起来的通风粮仓技术，通过设计精良的仓储结构和通风设施，有效地改善了粮食储存环境。通风粮仓利用自然或人工通风系统，保持仓内空气流动，调节温湿度，防止粮食因潮湿而霉变或腐败，保证了粮食的质量和食用安全。这项技术在古代农业社会中，为粮食长期储存提供了可靠的解决方案，对粮食安全和农业经济的稳定发展起到了关键作用。,通风粮仓技术采用自然通风原理调节储藏空间内的温湿度，确保粮食品质长期稳定不受潮湿影响，不仅有效保障了农产品储备的安全，还对粮仓建筑设计理念和储存管理制度的完善产生了深远影响，为后世粮食安全和国家应急调控体系的建立提供了宝贵的历史借鉴和技术启示。,","
悬挂晾晒,农业技术,存储技术,无,暂无,虽然起源地暂无具体记录，悬挂晾晒作为一种传统的农产品处理技术，主要通过将农产品如粮食、蔬菜、水果等挂在空中或架子上，利用自然风力和阳光进行快速干燥和防霉防虫处理。这种方法有效地减少了农产品的水分含量，延长了其保存期限，同时保留了营养成分和口感特性，是古代农产品处理的重要方式之一，对于农村经济和人民生活具有重要意义。,悬挂晾晒技术通过将农产品悬挂于通风良好的环境中，利用自然阳光和风力进行均匀干燥，有效降低了水分含量，防止了霉变与腐烂，其应用不仅在古代为食物长期储藏提供了切实保障，还为后来的食品防腐和加工工艺改进奠定了技术基础，推动了区域性干燥技术的传承与发展。,","
草木灰防潮,农业技术,存储技术,无,暂无,尽管具体发展地暂无确切记载，草木灰作为一种天然的防潮剂，被广泛应用于农产品和粮食的储藏过程中。草木灰具有吸湿和抑菌作用，能有效地减少粮食储存过程中的霉变和虫害问题，提升了粮食的质量和食用安全性。这种古老的防潮技术，在缺乏现代化设施的条件下，为农民提供了一种简便有效的粮食保鲜方法，促进了农产品的长期储存和交易发展。,草木灰防潮技术利用草木燃烧后所产生的灰分吸收储藏环境中的潮气，从而防止粮食和其他农产品受潮变质，该方法不仅体现了古代劳动人民对自然材料化学性质的初步认识，而且在改善储藏条件、延长食品保存期限方面发挥了重要作用，对后代防潮保鲜技术的发展和传统储藏方法的科学化进程产生了深远影响。,","
冰窖冷藏,农业技术,存储技术,无,江苏;郑州市,江苏郑州市发展的冰窖冷藏技术，主要利用地下或地面建造的冰窖室，利用冬季寒冷的气候条件，储存冰块和冷却物品。冰窖冷藏通过控制储藏环境的温度和湿度，延长了农产品如果蔬、鱼类等的保鲜期限，保持其新鲜和营养成分，特别适用于夏季高温时段的食品保鲜需求。这项技术为古代社会提供了一种有效的食品储存解决方案，促进了农产品的贸易和消费习惯的改善。,冰窖冷藏技术通过构筑地下冰窖或采用自然低温条件实现对食品和农产品的长时间低温储存，不仅在古代解决了高温季节食物易腐问题，保障了民生需求，还为后来的制冷保鲜技术和现代冷链物流体系提供了理论依据和实践经验，推动了农业与食品工业的持续革新与进步。,"113.65,34.76"
石磨制粉,农业技术,加工技术,战国时期,江苏;苏州市,战国时期江苏苏州市发展的石磨制粉技术，主要用于粮食的研磨加工。石磨通过石轮碾压和磨碾的方式，将谷物研磨成粉，保留了谷物的营养成分和风味特性。这种加工技术提高了粮食利用率和食品品质，满足了社会对面粉等副食品的需求，促进了农产品的加工与市场交易，对农村经济和人民生活水平的提升起到了重要作用。,石磨制粉技术利用天然石磨对谷物进行反复研磨，实现了粮食向面粉等基本食品的转化，该技术不仅大幅提升了农产品的加工效率和食品品质，而且促进了传统食品工业与农业经济的深度融合，对后世机械化磨粉技术的革新及现代加工工艺的发展产生了长远而深刻的影响。,"120.58,31.30"
水碓舂米,农业技术,加工技术,汉朝,江苏;苏州市,汉朝江苏苏州市推广的水碓舂米加工技术，利用水力推动石碾或木碓进行米谷的碾磨和加工。水碓舂米不仅提高了米谷的生产效率和加工速度，还降低了农民的劳动强度，促进了米食品质的提升和市场供应的稳定。这项技术在古代农村生活中起到了重要的食品加工和经济交流作用，为粮食加工和食品供应链的发展奠定了基础。,水碓舂米技术以水力为动力对稻米进行舂打加工，使粮食处理更为高效均质，这一工艺不仅大幅降低了人力劳动强度，提升了食品加工的质量和效率，而且奠定了古代利用自然能源进行机械化加工的理论基础，对后世粮食加工技术的改进和农业产业升级产生了不可磨灭的推动作用。,"120.58,31.30"
纺车缫丝,农业技术,加工技术,春秋时期,河南;郑州市,春秋时期河南郑州市发展的纺车缫丝技术，是古代丝绸产业发展的关键技术之一。纺车缫丝通过机械化的丝绸加工方法，提高了丝绸的生产效率和质量，使得丝绸成为重要的商品和贸易产品。这项技术不仅推动了农村手工业的发展和经济的繁荣，还促进了区域间的文化交流和贸易活动，对古代经济和社会结构的演变产生了深远影响。,纺车缫丝技术通过使用纺车和缫丝工具对蚕茧进行连续加工提纯，实现了高质量丝绸的生产，不仅推动了丝绸产业的规模化和品质提升，促进了中外文化交流和经济贸易的发展，而且为后世纺织技术的革新和现代工业体系的形成提供了宝贵的历史经验和技术示范，具有极其深远的文化和经济意义。,"113.65,34.76"
榨油技术,农业技术,加工技术,春秋时期,江苏;苏州市,春秋时期江苏苏州市发展的榨油技术，主要用于油料作物如芝麻、菜籽等的油脂提取。榨油技术通过压榨或磨碾的方式，从油料中提取出高质量的食用油，满足了社会对食用油的需求，促进了农产品的深加工和市场供应。这种技术不仅丰富了人们的食用选择，还推动了农业产业链的完善和经济的发展，对古代农村经济的多样化贡献了重要力量。,榨油技术通过采用物理压榨等方法提取种子或果实中的油脂，实现了农业副产品的高效转化，该工艺不仅大大提升了农作物的附加值和食品多样性，而且推动了传统食品加工与化工技术的交叉发展，对后世油脂加工工艺的改进、相关产业链的形成以及经济结构的调整产生了重要而持久的影响。,"120.58,31.30"
造纸技术,农业技术,加工技术,战国时期,江苏;苏州市,战国时期江苏苏州市发展的造纸技术，是古代文化和教育发展的重要支撑。造纸技术通过纤维素纤维的提取和加工，制成纸张材料，支持书写记录和印刷出版的发展。这项技术不仅推动了书籍和文献的广泛传播，还促进了社会的学术和文化交流，对古代社会的政治、经济和文化发展具有深远影响。,造纸技术以纤维原料经过浆化、抄纸和干燥等工序制成纸张，不仅极大促进了文化知识的传播、教育的普及和行政管理效率的提升，而且为全球印刷业和信息传播方式的革命奠定了坚实基础，对世界文明的进程和后世各行各业的创新发展产生了不可磨灭的深远影响。,"120.58,31.30"
制糖工艺,农业技术,加工技术,无,四川;雅安市,虽然具体发展地无具体记载，但制糖工艺作为一种重要的农产品加工技术，主要用于从甘蔗、甜菜等作物中提取糖分。制糖技术通过磨碾、煮沸和结晶的方法，将植物中的糖分提纯成为食用糖，丰富了食品的种类和口味，促进了农产品的深加工和市场交易。这种技术不仅提高了农产品的经济价值，还推动了糖业的发展和商业贸易的繁荣，为古代经济和社会做出重要贡献。,制糖工艺通过对天然植物原料进行提取、结晶和精炼，制成糖品，不仅推动了古代食品加工技术的重大革新和饮食结构的转变，还促进了区域经济交流和商业贸易的发展，对后世糖业生产工艺的优化以及现代食品工业的形成产生了深远而积极的历史影响。,"103.00,29.98"
茶叶烘焙,农业技术,加工技术,东汉,四川;雅安市,东汉时期四川雅安市发展起来的茶叶烘焙技术，是提高茶叶质量和增加保存期的重要方法。茶叶烘焙通过适当的温度和时间控制，去除茶叶中的水分，稳定其内在成分，同时提升茶叶的香气和口感。这项技术不仅改善了茶叶的风味和商业价值，还促进了茶叶的流通和文化传播，成为茶文化发展的重要支撑。,茶叶烘焙技术在古代不仅促进了茶叶风味的多样化和品质提升，而且为茶文化的传播和饮食习惯的形成提供了技术支持，对推动区域经济发展和后代茶叶加工工艺的革新产生了深远影响，成为古代农产品深加工领域的重要里程碑。,"103.00,29.98"
棉纺工具,农业技术,加工技术,唐朝,广西;南宁市,唐朝广西南宁市推广的棉纺工具技术，主要用于棉花纤维的加工和纺织。棉纺工具包括纺车、纺纱机等，通过机械化的方式提高了棉纤维的纺制效率和纺线质量，推动了棉纺织品的生产和市场供应。这项技术不仅改善了纺织品的品质和生产效率，还促进了棉纺织业的发展，对唐代经济和社会的繁荣有着重要影响。,棉纺工具技术在古代纺织业中起到了关键作用，通过改良纺织工具提高了棉纺效率和纺织品质量，其推广不仅推动了当地经济繁荣和手工业发展，还为后世纺织工艺的精细化和机械化改造奠定了技术基础，产生了长远的文化与经济影响。,"108.33,22.84"
酿酒蒸馏,农业技术,加工技术,唐朝,暂无,虽然具体发展地暂无记载，但唐朝时期的酿酒蒸馏技术，主要用于提高酒精饮料的浓度和口感。酿酒蒸馏通过蒸馏设备将发酵后的酒液蒸馏出高度纯净的酒精，增强了酒的香气和口味，丰富了酒类产品的种类和质量，推动了酒文化的传播和经济的发展。,酿酒蒸馏技术在古代酒类加工中实现了原料酒的提纯和度数提升，其技术革新不仅满足了社会对高品质酒品的需求，还推动了酿酒工艺的科学研究和产品多样化，对文化交流和经济贸易的发展具有重要推动作用，并影响了后世酒类加工工艺的演变。,","
穗选法,农业技术,育种技术,唐朝,暂无,唐朝时期的穗选法是一种种植技术，主要用于提高作物的产量和质量。穗选法通过选择和保存优良的种子穗，保留了作物的优良遗传特性，促进了新一代作物的遗传改良和生长发育。这项技术在农业生产中起到了重要作用，推动了农产品的品质提升和农民生产效率的增加。,穗选法作为一种重要的育种技术，通过精心挑选优良穗体实现作物品种的改良，其应用不仅提高了作物产量和抗逆性，还为农业种植提供了科学育种思路，对农业生产方式的转型升级和后代高产优质品种的培育产生了深远的历史意义。,","
杂交优势,农业技术,育种技术,唐朝,江苏;南京市,唐朝江苏南京市发展的杂交优势技术，是一种育种方法，通过不同品种或种群的杂交结合，充分利用杂种优势，提高作物的抗病性、产量和适应性。杂交优势技术对于农作物的遗传改良和品种选育起到了关键作用，促进了农业生产的可持续发展和粮食供应的稳定性。,杂交优势技术体现了古代农学家在作物育种方面的前瞻性探索，通过合理搭配不同品种发挥基因互补效应，其应用不仅显著提升了作物的综合性能和产量，还为现代遗传改良和杂交育种理论奠定了基础，对农业生产效率和经济效益的长远提升具有不可磨灭的贡献。,"118.78,32.04"
嫁接技术,农业技术,育种技术,无,暂无,虽然具体发展地暂无记载，但嫁接技术作为一种古老的植物繁育方法，主要用于将不同植物的优良品种组合在一起，实现品种的快速改良和质量提升。嫁接技术不仅增加了作物的产量和抗病能力，还推广了优良品种的传播和应用，对古代农业生产和生态环境的保护有重要意义。,嫁接技术在古代育种实践中通过将优良品种嫁接到适应性强的砧木上，实现了果树和其他作物的快速改良和推广，其推广不仅优化了种植结构和产品质量，还为后世植物繁育和种质资源保存提供了宝贵经验，推动了农业多样性和持续生产模式的发展。,","
风选除杂,农业技术,育种技术,春秋时期,暂无,春秋时期发展的风选除杂技术，是一种传统的农作物加工方法，通过风力将作物中的杂质和轻杂物分离出来。风选除杂技术有效地减少了农产品中的杂质含量，提高了粮食的品质和市场竞争力，是古代农业生产中的重要环节之一，对粮食加工和贸易起到了关键作用。,风选除杂技术作为古代育种管理手段，通过利用自然风力对种子进行分选和清理，确保了种子纯净性和育种效果，其应用不仅提高了种子质量和发芽率，还对农业种子选育和大规模育种管理提供了科学依据，具有深远的农业历史和技术传承意义。,","
浸种催芽,农业技术,育种技术,无,暂无,虽然具体发展地暂无记载，但浸种催芽技术是一种种子处理方法，通过浸泡种子在适宜的水温和时间条件下，促进种子的发芽和生长。浸种催芽不仅提高了种子的发芽率和生长速度，还增强了作物的生长力和抗逆性，对农业生产的高效性和稳定性有着重要意义。,浸种催芽技术通过对种子进行适当浸泡和催芽处理，加速了种子萌发和幼苗生长，其推广不仅提高了农业生产的效率和作物生长均衡性，还为后世种子处理和育苗技术的发展提供了实验基础，推动了农业现代化进程和技术革新的历史步伐。,","
异地引种,农业技术,育种技术,无,江苏;苏州市,虽然具体发展地暂无记载，但异地引种技术作为一种种植方法，主要通过引入外来的优良作物品种，适应当地的生长环境，增加农作物的多样性和生产适应性。异地引种技术不仅丰富了农作物的遗传资源，还推动了农产品的多样化生产和市场供应，对于扩展农业生产空间和提高农产品质量具有重要意义。,异地引种技术体现了古代农学家在不同区域资源互补和优质品种推广方面的创新实践，通过引入外地优良作物品种实现农业结构优化，其推广不仅丰富了当地农作物品种，提高了农业产值，还为后世种植模式和区域经济交流搭建了技术桥梁，具有重要的历史意义和长远影响。,"120.58,31.30"
保纯栽培,农业技术,育种技术,无,江苏;苏州市,虽然具体发展地暂无记载，但保纯栽培技术是一种种植管理方法，主要用于保持作物品种的纯种性和遗传特性。保纯栽培通过科学的田间管理和选种策略，防止不同品种的杂交和混杂，保证了作物的品质稳定性和市场认可度，是古代农业生产中的重要技术支持。,保纯栽培技术在古代农业生产中通过严格控制种植材料和繁育过程，实现了作物品种的稳定传承和优良特性的保持，其应用不仅保障了农业生产的持续性和高产优质，还为现代种植业中品种保护和种质改良提供了科学依据，对农业遗传资源的保护和技术创新产生了深远的历史贡献。,"120.58,31.30"
绿肥轮作,农业技术,土壤改良技术,无,广西;南宁市,广西南宁市发展的绿肥轮作技术，是一种重要的土壤改良方法。通过种植绿肥作物（如豆科植物）在田间轮作，可以增加土壤的有机质含量，改善土壤结构，提高土壤保水保肥能力，同时抑制土壤病害和杂草生长。这项技术不仅能够提高农田的长期生产力和作物的产量稳定性，还有助于环境保护和可持续农业发展。,绿肥轮作技术通过引入绿肥作物与轮作制度，有效改善了土壤结构和肥力积累，不仅在当时促进了农业可持续发展，减轻了化肥依赖问题，而且为后代生态农业理念的形成和有机耕作模式的推广提供了宝贵的历史经验和技术示范。,"108.33,22.84"
砂田法,农业技术,土壤改良技术,春秋时期,河南;郑州市,春秋时期河南郑州市发展的砂田法，是一种针对砂质土壤的土壤改良技术。砂田法通过添加有机物质、石灰或其他土壤改良剂，改善砂质土壤的保水保肥能力和透气性，从而增加作物的生长根系活力和养分吸收能力，提高了砂质土壤的农业生产潜力和稳定性。,砂田法技术利用砂质土壤的特殊物理特性，通过合理调整耕作方法改善土壤水分保持与养分分布，其推广在当时有效提升了边际土地的利用率，并对后世土壤管理和改良技术的发展起到了启发作用，推动了农业生产方式的科学化转型。,"113.65,34.76"
淤泥肥田,农业技术,土壤改良技术,春秋时期,江苏;南京市,春秋时期江苏南京市采用的淤泥肥田技术，主要利用长江、淮河等河流冲积的淤泥，作为优质的有机肥料施入田间，以改良土壤质地和提升土壤肥力。淤泥肥田不仅增加了土壤的肥力和保水性，还改善了土壤的通气性和微生物活性，对提高农田的产量和土壤生态环境起到了重要作用。,淤泥肥田技术充分利用河流淤泥的天然肥力，将淤泥施入农田改善土壤质地与养分结构，其应用不仅大幅提高了作物产量和生长质量，还对后代土壤保护和资源循环利用理念的形成产生了深远影响，成为古代农业可持续发展的一项重要实践。,"118.78,32.04"
石灰改酸,农业技术,土壤改良技术,无,江苏;南京市,虽然具体发展地暂无记载，但石灰改酸技术作为一种土壤酸碱调节方法，主要用于调整土壤的pH值，使之适宜特定作物的生长需求。石灰改酸技术通过添加石灰石或石灰粉，中和土壤酸性，改善土壤结构和养分供应，从而增强作物对养分的吸收能力和抗病能力，促进了农作物的健康生长和高产稳产。,石灰改酸技术通过施用石灰中和酸性土壤，调节土壤pH值，改善作物生长环境，其推广不仅为当时克服土壤酸化问题提供了解决方案，而且为后世土壤化学改良理论和现代农业可持续发展策略奠定了科学基础，具有不可磨灭的历史意义。,"118.78,32.04"
休耕轮作,农业技术,土壤改良技术,无,江苏;南京市,虽然具体发展地暂无记载，但休耕轮作技术是一种传统的土壤保护和再生方法，通过定期休耕田地或将田地轮作为休耕期，使土壤得到充分恢复和修复。休耕轮作不仅有利于减少土壤侵蚀和养分流失，还能提高土壤的生物多样性和生态系统稳定性，对于长期维持农业生产的可持续性具有重要意义。,休耕轮作技术在农业生产中通过合理安排休耕与轮作周期，有效恢复土壤养分和微生物活性，其应用不仅缓解了连续耕作带来的土地退化问题，还为后代形成科学的农田管理制度和生态农业模式提供了理论依据和实践经验，推动了农业现代化进程。,"118.78,32.04"
秸秆还田,农业技术,土壤改良技术,无,江苏;南京市,虽然具体发展地暂无记载，但秸秆还田技术是一种利用秸秆作为有机肥料施入田间，促进土壤有机质含量和微生物活性的土壤改良方法。秸秆还田不仅能够改善土壤结构和保水能力，还能够减少化肥的使用量，降低农业生产的环境负荷，对于实现农业生产与环境保护的协调发展具有重要作用。,秸秆还田技术通过将作物秸秆还入田中，实现有机物质循环再利用，不仅在当时改善了土壤肥力和结构，降低了环境污染风险，而且对后世发展绿色农业和生态农业理念产生了深远影响，成为现代农业资源高效利用的重要历史借鉴。,"118.78,32.04"
盐碱地改良,农业技术,土壤改良技术,春秋时期,暂无,春秋时期暂无具体发展地的盐碱地改良技术，主要用于治理和利用盐碱化的土地资源。盐碱地改良技术通过淋洗、石灰化、排盐等方法，降低土壤盐碱度，恢复土壤的生产力和耕作能力，使之适宜农作物的生长和开发利用，对于改善土地质量和扩展农业用地具有重要意义。,盐碱地改良技术标志着古代对盐碱土地进行科学治理的早期探索，通过采取合理措施改良土壤结构和降低盐碱度，其推广不仅拓宽了耕地面积和提高了农业生产率，还为后代土地资源优化和现代农业生态恢复提供了理论启示和技术基础。,","
《河防令》,农业技术,防灾技术,秦朝,暂无,秦朝时期制定的《河防令》是一项旨在防止洪水灾害和保护农田的防灾技术措施。《河防令》通过规范河道管理、加固堤坝、修筑水利工程等手段，有效地减少了洪水对农田的危害，保障了农业生产的稳定性和安全性，对于维护社会稳定和提升人民生活质量具有重要作用。,《河防令》作为古代防灾技术的重要文献，通过规定河流治理和防洪措施，有效缓解了水患对农业生产和民生安全的威胁，其实施不仅在当时保障了社会稳定和农作物安全，还为后世水利工程建设和防灾减灾体系的建立奠定了制度基础，具有深远的历史意义。,","
晴雨录,农业技术,防灾技术,汉朝,暂无,汉朝时期编纂的《晴雨录》是一种天气记录和预测技术，用于指导农业生产和防灾减灾工作。《晴雨录》通过系统观测和记录天象变化，预测降水情况和气候变化，帮助农民科学安排田间作业时间和农作物的种植季节，提高了农业生产的适应性和效率。,晴雨录通过系统记录气象现象和天气变化，为古代农业生产和防灾减灾提供了科学数据支持，其贡献不仅提高了当时对自然灾害的预警和调控能力，还对后世气象学理论和农事规划制度的完善产生了积极影响，推动了防灾科技的进步和社会治理水平的提升。,","
雨雪分寸制度,农业技术,防灾技术,唐朝,暂无,唐朝时期实行的雨雪分寸制度，是一种紧密结合气象条件制定的农业防灾技术。雨雪分寸制度根据降水量和降雪量的多少，及时调整农作物的灌溉和排水措施，防止因降水过多或过少导致的灾害，保障了农作物的正常生长和收成，对于提高农业生产的稳定性和可靠性有重要意义。,雨雪分寸制度以定量衡量雨雪降水为核心，通过建立标准化的测量体系指导农业灌溉和防灾救灾，其应用不仅在当时帮助农民科学安排农时和资源分配，还为后代气象监测和水资源管理提供了制度依据和实践模式，对现代防灾减灾体系的构建产生了深远而积极的影响。,","
粮价奏报制度,农业技术,防灾技术,唐朝,暂无,唐朝时期实行的粮价奏报制度，是一种监控和调节粮食市场的防灾技术措施。粮价奏报制度通过定期奏报粮食市场价格和供应情况，及时调整政府粮食储备和物资调配，保障了粮食市场的稳定和人民的生活安全，对于维护社会秩序和农民利益具有重要作用。,粮价奏报制度通过建立完善的粮食价格上报和反馈机制，使得中央政权能够及时掌握各地粮食市场动态，预测可能出现的粮食短缺和价格波动，进而制定调控政策，稳定民生经济和社会秩序，该制度不仅在当时缓解了因灾荒引起的经济混乱，更为后世完善粮食调控机制和防灾减灾管理体系提供了重要理论基础和实践经验。,","
束水攻沙,农业技术,防灾技术,汉朝,暂无,汉朝时期采用的束水攻沙技术，是一种有效的河流治理和防灾措施。束水攻沙通过修建堤坝、挖掘河道、引导水流等手段，防止河流泛滥和水土流失，保护农田和居民安全，是古代水利工程中的重要技术之一，对于促进农业生产和社会经济发展具有重要意义。,束水攻沙技术采用控制水流与集水措施，有效遏制了沙漠侵蚀和土地盐碱化现象，改善了边际耕地的自然生态环境，其推广不仅增强了农业抗旱防沙能力，保障了粮食生产的持续稳定，还对后代水利工程建设和土地治理理念的创新产生了深远影响，成为古代防灾减灾和生态农业发展中的重要实践范例。,","
荒政十二,农业技术,防灾技术,唐朝,暂无,唐朝时期实施的荒政十二，是一套综合性的防灾措施和灾后救助政策。荒政十二包括土地免役、减税赈济、灾害救助、社会安抚等措施，旨在帮助农民度过自然灾害带来的困境，维护社会稳定和人民生活，对于加强政府与民众之间的联系和信任具有重要作用。,荒政十二作为一系列针对荒地治理和灾害管理的综合政策措施，通过规范和优化农政管理、资源调配和民生保障机制，有效促进了农田恢复与农业生产重建，该政策体系不仅在当时提升了政府应对自然灾害和经济危机的能力，而且为后代完善国家防灾减灾与农村治理体制提供了宝贵的制度经验和历史启示。,","
